{
  "accuracy": 0.32534562211981566,
  "balanced_accuracy": 0.22615859618247622,
  "cohen_kappa": 0.007437160306984381,
  "precision_macro": 0.2339924007880664,
  "recall_macro": 0.16961894713685716,
  "f1_macro": 0.17372782694741024,
  "f1_micro": 0.32534562211981566
}